<?xml version="1.0" encoding="UTF-8"?>
<app version="1"> 
    <name>Nintendont</name>  
    <coder>FIX94, crediar</coder>  
    <version>Newer than 4.431</version>  
    <release_date>20161218000000</release_date>  
    <short_description>Gamecube Loader</short_description>  
    <long_description>Commiters: GerbilSoft, JoostinOnline, GreyRogue, Howard, Cyan, nastys Project website: https://github.com/FIX94/Nintendont Nintendont allows you to run GameCube games on a Wii or Wii U from an SD or HDD device.</long_description>  
    <no_ios_reload/>  
    <ahb_access/> 
</app>
